baseline,origin,RMSE,MAE,sMAPE
last value,42313,146.5802459716797,122.39881134033203,99.17279815673828
context mean,42313,99.77762603759766,86.47037506103516,93.04003143310547
last value,42481,61.41685104370117,43.83928680419922,120.66624450683594
context mean,42481,87.4460678100586,80.5145492553711,105.53025817871094
last value,42649,150.13804626464844,96.875,101.91390228271484
context mean,42649,122.67190551757812,88.29393005371094,88.37683868408203
last value,42817,240.0570068359375,209.45237731933594,87.31884002685547
context mean,42817,157.60421752929688,122.31158447265625,85.04662322998047
last value,42985,442.45477294921875,427.577392578125,148.3858184814453
context mean,42985,124.68737030029297,115.60729217529297,113.0885009765625
last value,43153,146.57571411132812,91.22618865966797,115.89579772949219
context mean,43153,120.8129653930664,106.96007537841797,106.7737808227539
last value,43321,76.8412857055664,43.380950927734375,80.57271575927734
context mean,43321,79.4482421875,70.1282958984375,107.65325927734375
last value,43489,131.4128875732422,119.02381134033203,113.03175354003906
context mean,43489,71.73388671875,61.96761703491211,98.41473388671875
