time_idx,prediction
43657,0.0
43658,0.0
43659,0.0
43660,0.0
43661,0.0
43662,0.0
43663,0.0
43664,0.0
43665,0.0
43666,0.0
43667,0.0
43668,0.0
43669,0.0
43670,0.0
43671,0.0
43672,0.0
43673,0.0
43674,3.4659348
43675,15.572624
43676,23.611443
43677,31.114769
43678,35.55843
43679,44.447796
43680,50.45005
43681,59.382767
43682,71.27417
43683,80.15064
43684,95.56819
43685,96.704506
43686,91.32956
43687,91.09831
43688,84.722885
43689,81.79346
43690,97.973854
43691,89.407814
43692,95.51613
43693,104.5314
43694,101.30526
43695,102.030045
43696,109.091354
43697,108.356735
43698,114.27994
43699,116.8875
43700,129.09537
43701,132.93286
43702,131.52362
43703,147.62961
43704,162.33409
43705,161.4849
43706,154.93884
43707,153.99734
43708,152.88028
43709,150.85938
43710,146.25105
43711,141.1478
43712,137.01137
43713,134.41296
43714,140.33952
43715,141.79063
43716,144.66515
43717,140.30583
43718,133.17723
43719,134.61353
43720,136.15462
43721,137.83147
43722,139.9339
43723,147.67577
43724,157.98706
43725,167.06448
43726,179.22357
43727,186.58768
43728,189.74648
43729,188.16025
43730,202.13457
43731,197.62688
43732,187.78058
43733,172.68338
43734,155.85695
43735,141.79585
43736,123.254524
43737,121.24155
43738,111.75899
43739,103.154495
43740,84.70423
43741,79.19768
43742,70.10994
43743,63.75355
43744,64.93167
43745,67.82951
43746,68.48882
43747,65.617935
43748,58.05568
43749,54.44245
43750,77.04116
43751,86.951164
43752,100.04328
43753,117.0574
43754,131.77614
43755,143.33994
43756,149.99536
43757,157.38783
43758,172.65839
43759,170.54272
43760,152.07925
43761,167.44511
43762,182.22093
43763,176.44214
43764,169.51984
43765,155.31737
43766,134.94214
43767,113.40329
43768,94.78364
43769,90.47167
43770,97.51858
43771,99.54962
43772,118.07187
43773,122.79215
43774,127.238144
43775,132.1716
43776,119.02087
43777,117.782425
43778,120.00441
43779,97.29155
43780,93.668785
43781,90.82097
43782,84.86469
43783,75.97832
43784,55.49557
43785,73.90028
43786,51.201916
43787,37.686512
43788,35.733463
43789,43.17484
43790,44.56598
43791,49.603077
43792,49.459415
43793,60.383926
43794,69.771286
43795,69.3605
43796,77.58706
43797,73.51359
43798,54.22252
43799,31.775703
43800,6.7172775
43801,4.2961884
43802,5.090271
43803,1.9894028
43804,0.0
43805,0.0
43806,0.0
43807,0.0
43808,0.0
43809,0.0
43810,0.0
43811,0.0
43812,0.0
43813,0.0
43814,0.0
43815,0.0
43816,0.0
43817,0.0
43818,0.0
43819,0.0
43820,0.0
43821,0.0
43822,0.0
43823,0.0
43824,0.0
