width,external,seed,RMSE,MAE,sMAPE,parameters,best_epoch,epochs_spent,fit_seconds
32,0,0,110.87091064453125,91.05546569824219,99.71426391601562,21505,1,4,6.152748756000165
32,0,1,107.01382446289062,81.87833404541016,94.36428833007812,21505,11,12,17.207752705000075
32,0,2,107.69623565673828,83.37421417236328,95.3804931640625,21505,9,12,17.157129621000195
32,10,0,75.44196319580078,55.900909423828125,82.77674865722656,23425,7,10,14.449581828999953
32,10,1,68.0457534790039,52.26866912841797,78.63233947753906,23425,6,9,13.30722174399989
32,10,2,69.74922180175781,53.737091064453125,79.05052947998047,23425,6,9,12.822974841999894
64,0,0,109.74825286865234,90.00180053710938,98.60958099365234,83969,6,9,12.716716057999975
64,0,1,108.19964599609375,85.39966583251953,96.88513946533203,83969,11,12,17.979112145000045
64,0,2,109.7574234008789,89.01347351074219,98.78082275390625,83969,7,10,14.299231377999831
64,10,0,69.72163391113281,52.54385757446289,81.22464752197266,87809,3,6,9.67524520500001
64,10,1,69.0452651977539,52.72705841064453,81.93990325927734,87809,9,12,18.25565456100003
64,10,2,68.3406982421875,49.47182083129883,77.83638763427734,87809,4,7,9.677502299000025
