epoch,train_loss,RMSE,MAE,sMAPE
1,0.8426764076406306,79.43819427490234,56.656436920166016,79.12713623046875
2,0.7107300893826918,81.00690460205078,64.52314758300781,81.97811889648438
3,0.6858815507455306,78.56145477294922,61.19336700439453,81.59764099121094
4,0.65156550840898,72.45790100097656,56.03947448730469,79.94456481933594
5,0.6198428002270785,72.69194793701172,58.669891357421875,79.42208099365234
6,0.5963728108189322,68.0457534790039,52.26866912841797,78.63233947753906
7,0.5708901676264676,78.75944519042969,65.12747955322266,87.6957778930664
8,0.56486274600029,75.42237091064453,59.39530563354492,83.07921600341797
9,0.5498021922328256,79.72111511230469,65.36820983886719,87.68001556396484
